{
    "schemes": [
        "http"
    ],
    "swagger": "2.0",
    "info": {
        "description": "OTP-based login/registration with rate limiting and user management.",
        "title": "OTP Auth Service API",
        "contact": {},
        "version": "1.0"
    },
    "host": "localhost:8080",
    "basePath": "/",
    "paths": {
        "/auth/request-otp": {
            "post": {
                "description": "Generate OTP for a phone number. Rate limited to 3 per 10 minutes. OTP expires in 2 minutes.",
                "consumes": [
                    "application/json"
                ],
                "produces": [
                    "application/json"
                ],
                "tags": [
                    "auth"
                ],
                "summary": "Request OTP",
                "parameters": [
                    {
                        "description": "Phone number",
                        "name": "request",
                        "in": "body",
                        "required": true,
                        "schema": {
                            "$ref": "#/definitions/domain.OTPRequest"
                        }
                    }
                ],
                "responses": {
                    "200": {
                        "description": "OK",
                        "schema": {
                            "type": "object",
                            "additionalProperties": {
                                "type": "string"
                            }
                        }
                    },
                    "429": {
                        "description": "Too Many Requests",
                        "schema": {
                            "type": "object",
                            "additionalProperties": {
                                "type": "string"
                            }
                        }
                    }
                }
            }
        },
        "/auth/verify-otp": {
            "post": {
                "description": "Verify OTP; creates user if not exists, returns JWT.",
                "consumes": [
                    "application/json"
                ],
                "produces": [
                    "application/json"
                ],
                "tags": [
                    "auth"
                ],
                "summary": "Verify OTP (login/register)",
                "parameters": [
                    {
                        "description": "phone+otp",
                        "name": "request",
                        "in": "body",
                        "required": true,
                        "schema": {
                            "$ref": "#/definitions/domain.OTPVerify"
                        }
                    }
                ],
                "responses": {
                    "200": {
                        "description": "OK",
                        "schema": {
                            "type": "object",
                            "additionalProperties": {
                                "type": "string"
                            }
                        }
                    },
                    "400": {
                        "description": "Bad Request",
                        "schema": {
                            "type": "object",
                            "additionalProperties": {
                                "type": "string"
                            }
                        }
                    }
                }
            }
        },
        "/users": {
            "get": {
                "security": [
                    {
                        "BearerAuth": []
                    }
                ],
                "produces": [
                    "application/json"
                ],
                "tags": [
                    "users"
                ],
                "summary": "List users (pagination + search)",
                "parameters": [
                    {
                        "type": "integer",
                        "description": "page",
                        "name": "page",
                        "in": "query"
                    },
                    {
                        "type": "integer",
                        "description": "limit",
                        "name": "limit",
                        "in": "query"
                    },
                    {
                        "type": "string",
                        "description": "search by phone",
                        "name": "search",
                        "in": "query"
                    }
                ],
                "responses": {
                    "200": {
                        "description": "OK",
                        "schema": {
                            "$ref": "#/definitions/domain.PaginatedUsers"
                        }
                    }
                }
            }
        },
        "/users/me": {
            "get": {
                "security": [
                    {
                        "BearerAuth": []
                    }
                ],
                "produces": [
                    "application/json"
                ],
                "tags": [
                    "users"
                ],
                "summary": "Get current user",
                "responses": {
                    "200": {
                        "description": "OK",
                        "schema": {
                            "$ref": "#/definitions/domain.User"
                        }
                    }
                }
            }
        },
        "/users/{phone}": {
            "get": {
                "security": [
                    {
                        "BearerAuth": []
                    }
                ],
                "produces": [
                    "application/json"
                ],
                "tags": [
                    "users"
                ],
                "summary": "Get user by phone",
                "parameters": [
                    {
                        "type": "string",
                        "description": "phone",
                        "name": "phone",
                        "in": "path",
                        "required": true
                    }
                ],
                "responses": {
                    "200": {
                        "description": "OK",
                        "schema": {
                            "$ref": "#/definitions/domain.User"
                        }
                    },
                    "404": {
                        "description": "Not Found",
                        "schema": {
                            "type": "object",
                            "additionalProperties": {
                                "type": "string"
                            }
                        }
                    }
                }
            }
        }
    },
    "definitions": {
        "domain.OTPRequest": {
            "type": "object",
            "required": [
                "phone"
            ],
            "properties": {
                "phone": {
                    "type": "string"
                }
            }
        },
        "domain.OTPVerify": {
            "type": "object",
            "required": [
                "otp",
                "phone"
            ],
            "properties": {
                "otp": {
                    "type": "string"
                },
                "phone": {
                    "type": "string"
                }
            }
        },
        "domain.PaginatedUsers": {
            "type": "object",
            "properties": {
                "items": {
                    "type": "array",
                    "items": {
                        "$ref": "#/definitions/domain.User"
                    }
                },
                "limit": {
                    "type": "integer"
                },
                "page": {
                    "type": "integer"
                },
                "totalItems": {
                    "type": "integer"
                }
            }
        },
        "domain.User": {
            "type": "object",
            "properties": {
                "phone": {
                    "type": "string"
                },
                "registrationDate": {
                    "type": "string"
                }
            }
        }
    },
    "securityDefinitions": {
        "BearerAuth": {
            "type": "apiKey",
            "name": "Authorization",
            "in": "header"
        }
    }
}